"","Region","Site","hilo","Species","Neighborhood","tree.uniqueID","hegyi","simple_comp","BA","DBH","no","yes","post1","post2","diff","drought_fx","post1_fx","post2_fx"
"1","Mammoth","ic","low","AC",2,"9ac2_1",18.5778430570276,191.351783487384,6.9421890846,10.3,0.979817784998163,1.03000980812488,1.03815380489369,1.03815380489369,-0.0501920231267138,-0.0512258747444637,-0.0595376209624935,-0.0797198359643309
"2","Mammoth","ic","low","AC",2,"9ac2_2",10.3126760879571,94.8766200092053,4.7947311258,9.2,0.988665581341389,0.986503190337284,1.06137190731499,1.06137190731499,0.00216239100410442,0.00218718143416155,-0.0735398575066745,-0.0848742761652858
"3","Mammoth","ic","low","AM",1,"9am1_1",9.46795817596861,312.442619806964,11.778321786,33,1.01009988209056,0.949760325620268,0.917703476096279,0.917703476096279,0.0603395564702919,0.0597362276148471,0.0914725440845037,0.101572426175063
"4","Mammoth","ic","low","AM",1,"9am1_2",24.4782405572737,376.964904582015,13.6897152084,15.4,1.01572734534331,0.927445873646392,0.972666097544566,0.972666097544566,0.0882814716969199,0.0869145367619114,0.0423944949362281,0.0581218402795398
"5","Mammoth","ic","low","AM",1,"9am1_3",9.53278071542642,376.544838259343,15.4334029542,39.5,0.98255172594792,1.07267599899042,0.990040071704602,0.990040071704602,-0.0901242730424994,-0.0917247109362631,-0.00762132471901912,-0.0250695987710992
"6","Mammoth","ic","low","AM",1,"9am1_4",24.7041512010797,397.736834337383,14.4438193746,16.1,1.00447389019766,0.967631475078547,0.839436920075689,0.839436920075689,0.0368424151191094,0.036678320341268,0.164301901455589,0.168775791653246
"7","Mammoth","ic","low","AM",3,"9am3_1",5.43176983915561,234.109280067607,7.365430596678,43.1,1.02688701006802,0.848310490513274,0.918841760421208,0.918841760421208,0.178576519554747,0.173900845763856,0.105216297983607,0.132103308051628
"8","Mammoth","ic","low","AM",3,"9am3_2",13.2697352891274,254.778917551246,7.439002156278,19.2,1.02066375898398,0.908708360077777,0.916513537854193,0.916513537854193,0.111955398906207,0.109688815656248,0.102041656924771,0.122705415908756
"9","Mammoth","ic","low","AM",3,"9am3_3",4.19022570659865,221.243917308409,6.464660826624,52.8,0.997946316007776,1.00386513313133,0.904356713096657,0.904356713096657,-0.00591881712354991,-0.00593099751821098,0.0937822019179534,0.0917285179257294
"10","Mammoth","ic","low","AM",3,"9am3_4",6.74982818354816,257.168453793185,9.9780373308,38.1,1.02293553047915,0.888680562328344,0.856168577650874,0.856168577650874,0.134254968150811,0.1312447990617,0.163027823219871,0.185963353699026
"11","Mammoth","ic","low","AM",3,"9am3_5",4.16844261570933,232.59909795658,8.245298061,55.8,1.01463874629075,0.911856855269866,0.842766319748563,0.842766319748563,0.102781891020887,0.101299000650852,0.169392729353683,0.184031475644436
"12","Mammoth","ic","low","PJ",1,"9pj1_1",8.98956124487409,337.108546682778,12.379270596,37.5,1.01179775895346,0.892153169999307,0.857853946307536,0.857853946307536,0.119644588954149,0.11824950974185,0.152148797804366,0.163946556757823
"13","Mammoth","ic","low","PJ",1,"9pj1_2",51.0578902229825,382.934176672368,13.6672629786,7.5,0.991710145204895,0.986916649393451,0.93051231448691,0.93051231448691,0.00479349581144439,0.00483356536647512,0.0617093926223179,0.0534195378272131
"14","Mammoth","ic","low","PJ",1,"9pj1_3",21.4235319119497,404.904753135848,14.972696739,18.9,0.979963684707011,1.02003939847909,0.942246789058228,0.942246789058228,-0.0400757137720811,-0.0408951009078085,0.0384880544426096,0.0184517391496211
"15","Mammoth","ic","low","PJ",1,"9pj1_4",9.73123715140702,394.115104631984,14.2199191134,40.5,0.998126894568937,0.98343083317052,0.923950815385713,0.923950815385713,0.0146960613984173,0.0147236403290827,0.0743152795369356,0.0724421741058731
"16","Mammoth","ic","low","PJ",1,"9pj1_5",10.5371862781911,344.565991296848,14.2647638826,32.7,1.00284310385533,0.934759674747946,0.918729757015351,0.918729757015351,0.0680834291073802,0.0678904096220441,0.0838748818400506,0.0867179856953767
"17","Mammoth","ic","low","PJ",1,"9pj1_6",38.008481736773,577.72892239895,15.5147421198,15.2,1.00651493417326,0.968578939784498,0.828514677831853,0.828514677831853,0.0379359943887657,0.0376904436295581,0.176848102594341,0.183363036767605
"18","Mammoth","ic","low","PJ",1,"9pj1_7",2.93606876514001,334.124625472933,11.7888869868,113.8,1.00224890974366,0.979992244116729,0.978524051295551,0.978524051295551,0.02225666562693,0.0222067247073608,0.0236716231042606,0.02592053284792
"19","Mammoth","ic","low","PJ",2,"9pj2_1",1.90515488139977,214.901470621894,5.8530277806,112.8,1.00671357568762,0.939906124516191,0.978441305009366,0.978441305009366,0.0668074511714332,0.066361925362734,0.0280837284417743,0.034797304129399
"20","Mammoth","ic","low","PJ",2,"9pj2_2",17.248966272003,275.983460352048,7.1000874714,16,0.994364583718448,0.92099261652902,0.985330156041598,0.985330156041598,0.0733719671894273,0.0737877921144891,0.00908562897832273,0.00345021269677048
"21","Mammoth","ic","low","PJ",2,"9pj2_3",19.2001247779447,385.922508036688,7.104127569,20.1,1.01496144397093,0.887972328889666,0.881391585002294,0.881391585002294,0.126989115081261,0.12511718138221,0.131600919189654,0.146562363160581
"22","Mammoth","ic","low","PJ",2,"9pj2_4",2.64723509752989,170.481940280925,6.4981490574,64.4,0.991621761692184,0.991438508687772,0.90565737103973,0.90565737103973,0.000183253004412909,0.000184801313860026,0.0866907060467876,0.078312467738972
"23","Mammoth","ic","low","PJ",2,"9pj2_5",12.4089223775349,234.528632935409,5.9852420166,18.9,0.994448787121962,0.97671665335795,0.89142608910389,0.89142608910389,0.0177321337640121,0.0178311180964187,0.103597791411894,0.0980465785338567
"24","Mammoth","ic","low","PJ",2,"9pj2_6",13.8977908448973,204.297525419991,5.9557494612,14.7,0.998679193301042,0.982569946378453,0.801681224267709,0.801681224267709,0.0161092469225894,0.0161305522640777,0.197258509393968,0.19593770269501
"25","Mammoth","ic","low","PJ",2,"9pj2_7",4.17045276958066,178.91242381501,5.471720793,42.9,0.988960270676192,1.03669261930426,0.910087041659345,0.910087041659345,-0.0477323486280699,-0.0482651831862096,0.0797536881465604,0.0687139588227528
"26","Mammoth","ic","low","PJ",2,"9pj2_8",2.50396417409207,148.735471941069,4.9085489376,59.4,0.989728915916274,1.00482523228812,0.852167794933326,0.852167794933326,-0.0150963163718444,-0.0152529810224535,0.138988685457974,0.128717601374248
"27","Mammoth","ic","low","PJ",3,"9pj3_1",4.43077868403159,186.53578259773,6.152890013424,42.1,0.993827506819666,0.989924678622825,0.964614666456622,0.964614666456622,0.00390282819684085,0.00392706799727272,0.0293942763332523,0.0232217831529186
"28","Mammoth","ic","low","PJ",3,"9pj3_2",5.11969754944437,170.997898151442,6.421654239,33.4,1.00527988038087,0.851979974002738,0.84191383427571,0.84191383427571,0.153299906378134,0.152494752327136,0.162508023181829,0.167787903562701
"29","Mammoth","ic","low","PJ",3,"9pj3_3",1.47382690370481,181.575474536432,6.089524287,123.2,1.01230840253473,0.950062544853542,0.678797499250396,0.678797499250396,0.0622458576811905,0.0614890259977417,0.329455828331814,0.341764230866547
"30","Mammoth","ic","low","PJ",3,"9pj3_4",1.99044900327892,228.901635377076,8.469223462854,115,0.968689479166098,1.06509277809325,0.9969104523046,0.9969104523046,-0.0964032989271481,-0.0995193000445688,-0.0291331471492757,-0.0604436679831774
"31","Mammoth","ic","low","PJ",3,"9pj3_5",4.77713653833976,241.245395186158,9.2055524484,50.5,0.998241219344943,1.00203218533581,0.85903794478911,0.85903794478911,-0.00379096599086393,-0.00379764521580425,0.139448533939703,0.137689753284646
"32","Mammoth","ic","low","PJ",3,"9pj3_6",10.7533913006967,235.499269485259,8.088241623,21.9,1.02253575606198,0.903300050623965,0.948133151910815,0.948133151910815,0.119235705438014,0.116607859168875,0.0727628385707558,0.0952985946327348
"33","Mammoth","sl","high","AC",1,"10ac1_1",2.7872259643366,141.033633795432,9.033125740254,50.6,1.03288352295002,0.77761137050882,0.66712389127645,0.66712389127645,0.255272152441196,0.247145149253726,0.35411508030346,0.386998603253476
"34","Mammoth","sl","high","AC",1,"10ac1_2",0.792873781442952,148.822408776842,9.706210398654,187.7,1.05697794074594,0.681482421861817,0.760879637335678,0.760879637335678,0.375495518884119,0.355253884124698,0.280136691595752,0.337114632341687
"35","Mammoth","sl","high","AC",1,"10ac1_3",17.7141165044808,184.2268116466,10.746454634454,10.4,1.05618050006873,0.657332709340884,0.806625647582943,0.806625647582943,0.398847790727845,0.37763222356585,0.236280496060614,0.292460996129343
"36","Mammoth","sl","high","AC",1,"10ac1_4",1.2409604983801,149.908028204316,10.748973412254,120.8,1.02776682490119,0.721454938541341,0.769835768940966,0.769835768940966,0.306311886359852,0.298036362858181,0.250962620811412,0.278729445712605
"37","Mammoth","sl","high","AC",1,"10ac1_5",8.09634509299352,184.596668120252,13.684003002054,22.8,1.05878068611666,0.707686881171601,0.786961248495835,0.786961248495835,0.351093804945057,0.331602011208554,0.256728745797006,0.315509431913663
"38","Mammoth","sl","high","AC",1,"10ac1_6",15.2221994281785,155.266434167421,12.856075162854,10.2,1.05689361760194,0.685431601627064,0.831105868705923,0.831105868705923,0.371462015974871,0.351465852180761,0.213633373440478,0.270526991042414
"39","Mammoth","sl","high","AC",1,"10ac1_7",7.88853505723957,179.858599305062,10.713741153654,22.8,1.05544541040142,0.689474642080173,0.684578933802846,0.684578933802846,0.365970768321248,0.346745331131865,0.351383854573324,0.406829264974744
"40","Mammoth","sl","high","AC",2,"10ac2_1",14.7536656869243,373.267741879184,18.2337686454,25.3,1.03276565259415,0.808838541533762,0.791821915939259,0.791821915939259,0.223927111060391,0.216822771456351,0.233299525453504,0.266065178047657
"41","Mammoth","sl","high","AC",2,"10ac2_2",15.3023630966882,384.089313726873,18.3072082578,25.1,1.08349005269807,0.597971072966163,0.781574012125811,0.781574012125811,0.485518979731904,0.448106541008736,0.278651418922062,0.362141471620129
"42","Mammoth","sl","high","AC",2,"10ac2_3",6.66181438325155,290.455107109768,13.9979148078,43.6,1.05150464439421,0.658099163909036,0.830618138743769,0.830618138743769,0.393405480485177,0.374135751641709,0.21006707562162,0.261571720015834
"43","Mammoth","sl","high","AC",2,"10ac2_4",1.4369377714778,147.717202907918,8.345530809,102.8,1.04614551209808,0.654564531821458,0.718694379175665,0.718694379175665,0.391580980276622,0.374308330675044,0.313007252944861,0.35915276504294
"44","Mammoth","sl","high","AC",2,"10ac2_5",8.47755257512702,182.267380365231,8.6921270436,21.5,1.0492173030639,0.713750993167026,0.809728960966476,0.809728960966476,0.335466309896874,0.319730058699235,0.228254281928135,0.277471584992036
"45","Mammoth","sl","high","AC",3,"10ac3_1",26.7594061063306,294.353467169636,21.0453914748,11,1.01976372030371,0.876064037620367,0.734447414351738,0.734447414351738,0.143699682683346,0.140914684276617,0.279786680258639,0.299550400562351
"46","Mammoth","sl","high","AC",3,"10ac3_2",2.05100284646195,208.176788915888,19.7347190964,101.5,1.01719724244313,0.835820038092122,0.83644843599426,0.83644843599426,0.181377204351005,0.178310751133545,0.17769297723885,0.194890219681977
"47","Mammoth","sl","high","AC",3,"10ac3_3",1.3707866256462,123.370796308158,9.8621138616,90,0.975577265714065,0.925044313806362,0.88651331222224,0.88651331222224,0.0505329519077033,0.0517980007157262,0.0912935926470521,0.0668708583611171
"48","Mammoth","sl","high","AC",3,"10ac3_4",20.9443226954211,163.365717024284,11.0823364344,7.8,1.04964374723064,0.748163785208884,0.878702563045805,0.878702563045805,0.301479962021757,0.287221224169797,0.162856383068869,0.21250013029951
"49","Mammoth","sl","high","AC",3,"10ac3_5",3.73137215264852,104.105283058894,9.6842286156,27.9,1.01347514262905,0.930240137049511,0.950680521891837,0.950680521891837,0.0832350055795349,0.0821283148234063,0.0619597048767416,0.0754348475057877
"50","Mammoth","sl","high","PJ",1,"10pj1_1",3.57751545023556,152.044406635011,12.065853592254,42.5,1.02579719079316,0.774798942434903,0.857979695075438,0.857979695075438,0.250998248358261,0.244686036003067,0.163597148855484,0.189394339648649
"51","Mammoth","sl","high","PJ",1,"10pj1_2",1.29783707945945,157.946772570215,8.797214356854,121.7,1.01988504629717,0.779074513948675,0.757415071607942,0.757415071607942,0.240810532348494,0.236115367337515,0.257352508149972,0.277237554447142
"52","Mammoth","sl","high","PJ",1,"10pj1_3",5.77054819024354,135.607882470723,10.5106571262,23.5,1.03635229762725,0.706126453939558,0.829071982355069,0.829071982355069,0.330225843687687,0.318642458210154,0.2000095100351,0.236361807662346
"53","Mammoth","sl","high","PJ",2,"10pj2_1",16.4324686763836,381.233273292099,18.0432211806,23.2,0.991084499235486,0.811146874402766,0.977641792877981,0.977641792877981,0.179937624832719,0.181556290075692,0.0135636329373272,0.0046481321728129
"54","Mammoth","sl","high","PJ",2,"10pj2_2",2.50173018149633,269.686513565304,15.579689202,107.8,0.988038668126828,0.904659683075582,0.982592726776395,0.982592726776395,0.0833789850512455,0.0843883825005751,0.00551187066469506,-0.00644946120847723
"55","Mammoth","sl","high","PJ",2,"10pj2_3",1.72038483146289,239.649607022781,11.3006148024,139.3,1.00398342272934,0.857008053400162,0.784348911387156,0.784348911387156,0.146975369329178,0.146392227203935,0.218763085495082,0.222746508224422
"56","Mammoth","sl","high","PJ",2,"10pj2_4",10.6733551557406,169.706346976276,8.9211418296,15.9,1.03234993134776,0.651150527215989,0.761641393569984,0.761641393569984,0.381199404131767,0.369254060620804,0.262225558948172,0.294575490295928
"57","Mammoth","sl","high","PJ",2,"10pj2_5",4.54919431472731,160.131639878401,8.3432743548,35.2,1.03125883164917,1.15026497287547,1.09183771907486,1.09183771907486,-0.1190061412263,-0.115398906243535,-0.0587426604907869,-0.0274838288416164
"58","Mammoth","sl","high","PJ",3,"10pj3_1",2.53610879353163,267.559477717587,16.883637771,105.5,1.00890920740674,0.719549068224326,0.804799644507943,0.804799644507943,0.289360139182413,0.286804934535361,0.202307166393526,0.211216373800265
"59","Mammoth","sl","high","PJ",3,"10pj3_2",2.04560266493528,238.721830997947,18.3310215858,116.7,1.0043029507495,0.726469042385863,0.753527463836339,0.753527463836339,0.277833908363634,0.276643524900819,0.249701035654638,0.254003986404136
"60","Mammoth","sl","high","PJ",3,"10pj3_3",6.78565444346434,208.319591414355,16.4341792692,30.7,1.02725789818141,0.772923627956279,0.865791740478754,0.865791740478754,0.254334270225127,0.247585606959445,0.157181714531961,0.184439612713368
"61","Mammoth","sl","high","PJ",3,"10pj3_4",0.443930092530472,62.949287120821,2.9820349944,141.8,1.02375666769344,0.809839469301169,0.767079780635145,0.767079780635145,0.213917198392266,0.208953167430137,0.250720601055125,0.27447726874856
"62","San Jac","bm","high","AC",1,"11ac1_1",1.59037218040108,30.853220299781,1.8283648614,19.4,1.01811522075957,0.902286297449228,0.982594449003928,0.982594449003928,0.115828923310339,0.113767991037326,0.0348887542700114,0.0530039750295781
"63","San Jac","bm","high","AC",1,"11ac1_2",1.26063416682481,57.2327911738465,1.8045798078,45.4,1.02074047016121,0.833355461675457,1.03345784104165,1.03345784104165,0.187385008485758,0.183577524320322,-0.01245896606649,0.00828150409472417
"64","San Jac","bm","high","AC",1,"11ac1_3",0.443777249871466,13.0914288712082,1.1463831918,29.5,1.00921540629098,0.904071113192575,1.00161141039899,1.00161141039899,0.1051442930984,0.104184193426874,0.0075345618433788,0.0167499681343538
"65","San Jac","bm","high","AC",1,"11ac1_4",4.85559395831027,147.610056332632,2.5511747646,30.4,1.01336086594962,0.891052723544302,1.04278643686136,1.04278643686136,0.122308142405323,0.120695545402483,-0.0290376033854063,-0.015676737435782
"66","San Jac","bm","high","AC",2,"11ac2_1",0.649809686942996,48.6707455520304,2.361470034,74.9,0.999703043843152,0.828238453987914,0.915842431141747,0.915842431141747,0.171464589855238,0.171515522445623,0.0838855230239371,0.0835885668670888
"67","San Jac","bm","high","AC",2,"11ac2_10",10.6127508627825,85.9632819885386,2.3792491338,8.1,1.05699079988659,0.862293309839799,1.11703177038544,1.11703177038544,0.194697490046786,0.184199796315803,-0.0568036831591161,0.000187116727468961
"68","San Jac","bm","high","AC",2,"11ac2_11",5.61077341833843,65.0849716527258,1.828493667,11.6,1.03655146726836,0.843389021439366,1.0997328999302,1.0997328999302,0.193162445828994,0.186351041823363,-0.0609534930555239,-0.0244020257871633
"69","San Jac","bm","high","AC",2,"11ac2_3",2.45386438735576,43.6787860949325,1.8647037486,17.8,1.01501790422418,0.774040707106035,0.886110421195071,0.886110421195071,0.240977197118142,0.237411769896149,0.127000206097482,0.142018110321659
"70","San Jac","bm","high","AC",3,"11ac3_1",7.74112576617428,133.147363178198,9.0077848014,17.2,1.05604915870725,0.791925167374528,1.07036588051432,1.07036588051432,0.264123991332719,0.250105773159314,-0.0135568706144322,0.0424922880928145
"71","San Jac","bm","high","AC",3,"11ac3_2",6.84795551749793,135.589519246459,8.6194288488,19.8,1.03171549109084,0.835856401747016,1.03522479180214,1.03522479180214,0.195859089343819,0.18983827521746,-0.00340142291320826,0.028314068177627
"72","San Jac","bm","high","AC",3,"11ac3_4",1.37772002749022,65.3039293030364,4.2905867928,47.4,1.0272598785864,0.821329223418523,1.06632893338913,1.06632893338913,0.205930655167876,0.200465976974838,-0.0380322989509648,-0.0107724203645663
"73","San Jac","bm","high","PJ",1,"11pj1_1",0.649163158956901,39.8586179599537,1.9916518776,61.4,0.991257648264873,0.961047692670779,1.05417983333809,1.05417983333809,0.030209955594094,0.0304763909231615,-0.0634771244220514,-0.0722194761571781
"74","San Jac","bm","high","PJ",1,"11pj1_2",4.64815607799221,121.316873635597,2.4023171172,26.1,1.01474761996736,0.874248529481687,1.11161685640629,1.11161685640629,0.140499090485676,0.138457176662503,-0.0954614078740509,-0.0807137879066882
"75","San Jac","bm","high","PJ",1,"11pj1_3",4.65285375273123,123.765909822651,2.4002475882,26.6,1.01442649993049,0.868541843973058,1.01929601503485,1.01929601503485,0.145884655957433,0.1438099812726,-0.00480026409472715,0.00962623583576416
"76","San Jac","bm","high","PJ",1,"11pj1_4",1.5026015111091,89.8555703643241,2.2338221136,59.8,0.9376909606933,0.966899806775753,1.04014784154946,1.04014784154946,-0.0292088460824528,-0.0311497575500319,-0.109265083221457,-0.171574122528157
"77","San Jac","bm","high","PJ",2,"11pj2_1",1.04125139693896,56.3317005743976,3.3809482938,54.1,0.990408381722477,0.843885679765475,1.13909121601237,1.13909121601237,0.146522701957001,0.14794170229272,-0.150122754445303,-0.159714372722826
"78","San Jac","bm","high","PJ",2,"11pj2_15",1.55851689324013,43.4826213213996,2.2600089204,27.9,1.03418586031971,0.885023523863041,1.05122228067748,1.05122228067748,0.14916233645667,0.144231653303167,-0.0164732675348138,0.0177125927848973
"79","San Jac","bm","high","PJ",2,"11pj2_16",2.63221710577576,51.3282335626274,3.4369669488,19.5,1.03263126081246,0.898824045490751,1.01286999908544,1.01286999908544,0.133807215321705,0.12957889267891,0.0191368036945447,0.0517680645070011
"80","San Jac","bm","high","PJ",2,"11pj2_2",2.31896967397162,92.2949930240706,2.9691426534,39.8,0.938888231792797,0.814617879592225,1.11389129783083,1.11389129783083,0.124270352200572,0.132359047640078,-0.186393928597726,-0.247505696804929
"81","San Jac","bm","high","PJ",3,"11pj3_1",4.25635467038994,123.434285441308,4.8282959802,29,1.08963313900452,0.947837710189223,1.15132708048652,1.15132708048652,0.141795428815294,0.13013134764315,-0.0566190025556365,0.0330141364488807
"82","San Jac","bm","high","PJ",3,"11pj3_2",1.42662683849022,109.992929247596,7.579121781,77.1,1.09352916174842,0.844520307100202,1.1120546263395,1.1120546263395,0.249008854648215,0.227711215538213,-0.0169409881684907,0.0765881735799261
"83","San Jac","bm","high","PJ",3,"11pj3_3",8.97625488176715,98.7388036994387,5.5521591048,11,1.01322831547763,0.858703111851165,1.17897213590895,1.17897213590895,0.15452520362647,0.152507782565894,-0.163579933465624,-0.150351617987989
"84","San Jac","bm","high","PJ",3,"11pj3_4",1.21605391754946,100.932475156605,5.2543362102,83,1.02613627941269,1.18800016451888,1.08938536109217,1.08938536109217,-0.16186388510619,-0.157741119141438,-0.0616380913027196,-0.0355018118900248
"85","San Jac","bm","high","PJ",3,"11pj3_5",5.66750472049122,135.45336281974,6.2246452884,23.9,1.01255386407836,0.88738994148434,1.06194656472916,1.06194656472916,0.125163922594024,0.123612112929863,-0.048780319154436,-0.0362264550760727
"86","San Jac","bm","high","PL",1,"11pl1_1",1.22681202823371,56.6787157043972,2.4796735194,46.2,0.988535024059185,0.957350142291594,1.06619826741648,1.06619826741648,0.0311848817675914,0.0315465623459026,-0.0785639774687904,-0.0900289534096054
"87","San Jac","bm","high","PL",1,"11pl1_2",0.466944495881119,45.7605605963497,1.3560378678,98,0.973177465334313,0.841284807246232,1.00953977841323,1.00953977841323,0.13189265808808,0.135527858778329,-0.0373645243279745,-0.0641870589936618
"88","San Jac","bm","high","PL",1,"11pl1_24",2.88855904086101,68.4588492684058,2.1694271676,23.7,0.997123002959209,1.04020320027404,1.08319298391629,1.08319298391629,-0.0430801973148355,-0.0432044965234824,-0.0863183185039857,-0.089195315544777
"89","San Jac","bm","high","PL",1,"11pl1_4",2.63930679652026,95.0150446747292,2.9554075782,36,1.01031776649767,0.879645703748035,1.06424642285745,1.06424642285745,0.13067206274963,0.129337587720162,-0.0533779154916119,-0.0430601489939466
"90","San Jac","bm","high","PL",2,"11pl2_1",0.784702612859565,66.9351328769209,2.772685839,85.3,1.03773061048166,0.853147202989764,1.03851835343103,1.03851835343103,0.184583407491896,0.177872181496335,-0.000759101583221571,0.0369715088984384
"91","San Jac","bm","high","PL",2,"11pl2_2",1.76398371968422,66.854982976032,2.9023027572,37.9,0.985001959461642,0.907923189853229,1.12309004110802,1.12309004110802,0.0770787696084132,0.0782524023104899,-0.140190666952434,-0.155188707490792
"92","San Jac","bm","high","PL",3,"11pl3_1",0.730393583542967,88.7428204004705,4.8990707304,121.5,1.03278910196821,0.799977168602873,1.08077449991512,1.08077449991512,0.232811933365333,0.225420594506331,-0.0464619522567276,-0.0136728502885217
"93","San Jac","bm","high","PL",3,"11pl3_3",1.08850775894302,65.2016147606867,4.0157022906,59.9,1.01983474454809,0.832726937899458,1.07855532039642,1.07855532039642,0.187107806648633,0.183468750843103,-0.0575785206007535,-0.0377437760526622
"94","San Jac","sp","low","AC",2,"12ac2_1",32.0653420173296,307.827283366364,3.4541483592,9.6,1.00550979933307,0.825490714539837,0.983136352515289,0.983136352515289,0.180019084793229,0.179032650813182,0.0222508491042219,0.0277606484372879
"95","San Jac","sp","low","AC",2,"12ac2_12",6.07168105441408,108.683090874012,2.0176666818,17.9,1.04384235187325,0.835994761158629,0.947912669663348,0.947912669663348,0.207847590714618,0.199117798144156,0.0919005461291599,0.135742898002406
"96","San Jac","sp","low","AC",2,"12ac2_2",16.9997386324622,237.996340854471,3.4459927656,14,1.00890309631038,0.956473609458053,1.05708848384592,1.05708848384592,0.0524294868523272,0.0519668212379018,-0.0477601741056731,-0.038857077795293
"97","San Jac","sp","low","PJ",1,"12pj1_1",1.12352023694262,90.1063230027983,2.4002742918,80.2,1.04090284224608,0.759141824492801,0.955086960598173,0.955086960598173,0.281761017753277,0.270689065605094,0.0824436999929119,0.12334654223899
"98","San Jac","sp","low","PJ",1,"12pj1_2",0.947025307804935,40.4379806432707,2.0041177464,42.7,1.04496421662942,0.772757364010664,0.917383947391136,0.917383947391136,0.272206852618755,0.26049394638294,0.122090562727401,0.16705477935682
"99","San Jac","sp","low","PL",1,"12pl1_1",9.30379184255934,80.9429890302662,1.648036236,8.7,1.03849604334739,0.805102650199077,1.12823309997085,1.12823309997085,0.233393393148317,0.224741725925135,-0.0864105907752957,-0.047914547427901
"100","San Jac","sp","low","PL",1,"12pl1_2",12.5011328060636,103.759402290328,1.7917715046,8.3,1.08870902263124,0.634635548318863,1.03277853086885,1.03277853086885,0.454073474312378,0.417075145767556,0.0513732233312582,0.1400822459625
"101","San Jac","sp","low","PL",1,"12pl1_3",1.94591458242924,61.296309346521,1.7192508102,31.5,1.03372278751533,0.741284173257181,0.91404902272965,0.91404902272965,0.292438614258151,0.282898488637422,0.115769688190129,0.149492475705461
"102","San Jac","sp","low","PL",1,"12pl1_4",14.5936809189123,113.830711167516,1.9599311424,7.8,1.03939142341056,0.89825987216576,1.03161241354376,1.03161241354376,0.141131551244796,0.135782870693411,0.00748419670547949,0.046875620116035
"103","San Jac","sp","low","PL",2,"12pl2_1",9.64080054048327,85.8031248103011,3.3019951734,8.9,1.00520254850285,0.950122712152415,1.1332706649568,1.1332706649568,0.0550798363504394,0.0547947639333736,-0.127405284282939,-0.122202735780084
"104","San Jac","sp","low","PL",2,"12pl2_2",2.12629680672301,109.504285546235,3.227860482,51.5,1.03817508547532,0.671418369585664,1.020004296852,1.020004296852,0.36675671588966,0.353270581254358,0.0175026244393134,0.0556777099146374
"105","San Jac","sp","low","PL",2,"12pl2_3",3.1544186902495,119.237026491431,3.0659047188,37.8,1.00299461164552,0.79844892851377,0.892600057678674,0.892600057678674,0.204545683131751,0.203934977074475,0.110064952179287,0.113059563824807
"106","San Jac","sp","low","PL",3,"12pl3_1",5.92782872243352,129.226666149051,4.9539913962,21.8,1.04124166731237,0.724940537620479,1.03466195274984,1.03466195274984,0.316301129691891,0.303773023709587,0.0063191041706103,0.0475607714829804
"107","San Jac","sp","low","PL",3,"12pl3_2",5.65341412625897,110.24157546205,4.7780413758,19.5,1.05577330073976,0.695187107632932,1.15779312631165,1.15779312631165,0.360586193106827,0.341537518380292,-0.096630427668904,-0.0408571269291444
"108","San Jac","sp","low","PL",3,"12pl3_3",4.79883417382666,93.0973829722372,4.5377136882,19.4,1.02294373100934,0.848077496962113,1.03262565947921,1.03262565947921,0.174866234047231,0.17094413773345,-0.00946477130302287,0.0134789597063203
"109","San Jac","sp","low","PL",3,"12pl3_4",27.9811138938237,139.905569469118,4.9398039306,5,1.02901965831442,0.884531018984336,1.08791311250788,1.08791311250788,0.144488639330083,0.140413876608307,-0.0572325841567837,-0.0282129258423653
"110","San Jac","sp","low","PL",3,"12pl3_5",18.7922583441182,234.903229301477,4.9294955556,12.5,1.02642833724636,0.850351925658216,0.996797791376633,0.996797791376633,0.176076411588141,0.171542820086699,0.0288676226040435,0.0552959598504005
"111","San Jac","sp","low","PP",1,"12pp1_1",0.289085701281922,31.3947071592168,0.7292038446,108.6,1.02130336434352,0.614874005416628,0.644689378198735,0.644689378198735,0.406429358926888,0.397951649937173,0.368758195941971,0.390061560285488
"112","San Jac","sp","low","PP",1,"12pp1_10",0.501118565570682,43.9982100571059,1.3888165368,87.8,1.00481410765852,0.932121463604661,0.963174509857977,0.963174509857977,0.0726926440538543,0.0723443704659437,0.0414401006944162,0.0462542083529319
"113","San Jac","sp","low","PP",1,"12pp1_2",0.768903323049249,38.8296178139871,2.6030716404,50.5,1.02872067136127,0.814455302892894,0.95304082146355,0.95304082146355,0.214265368468379,0.208283331358403,0.0735669574886425,0.102287628849915
"114","San Jac","sp","low","PP",1,"12pp1_3",0.53794021973759,37.9785795134739,1.587261984,70.6,1.02598798479788,0.792625277144675,0.934770376446228,0.934770376446228,0.233362707653201,0.227451696424276,0.0889070921913554,0.114895076989231
"115","San Jac","sp","low","PP",2,"12pp2_1",0.518852672312602,49.3947744041597,1.9889171148,95.2,1.01850620279283,0.764654614555771,0.920716562373308,0.920716562373308,0.253851588237057,0.249239118564988,0.0960128079253449,0.114519010718173
"116","San Jac","sp","low","PP",2,"12pp2_2",2.13319391958153,100.47343361229,2.7108622926,47.1,1.01774959031027,0.81344871404116,1.00087565306378,1.00087565306378,0.204300876269113,0.200737861468291,0.0165796551599199,0.0343292454701932
"117","San Jac","sp","low","PP",2,"12pp2_21",8.04775691561676,153.71215708828,3.2046903966,19.1,1.01183290065872,0.826763771826448,1.04984629011585,1.04984629011585,0.185069128832274,0.182904834100365,-0.0375688410926129,-0.0257359404338906
"118","San Jac","sp","low","PP",2,"12pp2_7",2.92665675508082,76.9710726586256,1.9064532564,26.3,1.00647319362525,0.937351012932314,1.1313768552986,1.1313768552986,0.0691221806929367,0.0686776171792149,-0.124100336168372,-0.117627142543122
"119","San Jac","sp","low","PP",2,"12pp2_8",1.71389576535412,113.459899666443,2.4804094392,66.2,1.01951994891791,0.717626634576209,0.883034790223311,0.883034790223311,0.301893314341706,0.296113199807542,0.133871984397622,0.153391933315537
"120","San Jac","sp","low","PP",3,"12pp3_1",1.64007321906686,179.588017487821,4.7441285892,109.5,1.01799096130663,0.798141274250343,0.912575972376222,0.912575972376222,0.219849687056285,0.21596428201494,0.103551989101261,0.121542950407889
"121","San Jac","sp","low","PP",3,"12pp3_2",3.22367336521135,77.0457934285512,4.8891377766,23.9,0.975099555886142,1.18873366673881,1.12528554327871,1.12528554327871,-0.213634110852668,-0.219089537640619,-0.154021183258652,-0.17892162737251
"122","San Jac","sp","low","PP",3,"12pp3_3",0.92587860465205,85.7363587907799,4.2683057802,92.6,1.00739661139506,0.829019085687166,0.90272969055137,0.90272969055137,0.178377525707897,0.177067823824497,0.103898424572569,0.111295035967631
"123","SEKI","cm","low","AC",1,"4ac1_1",1.691966742216,140.433239603928,19.95697473,83,1.02340009688366,0.971806630677846,1.11852448289875,1.11852448289875,0.0515934662058133,0.0504137788953898,-0.0929493619404078,-0.0695492650567482
"124","SEKI","cm","low","AC",1,"4ac1_102",0.762767389582834,91.9897471836897,6.6745271208,120.6,0.996669611155473,1.00024380556098,0.923419910543356,0.923419910543356,-0.0035741944055071,-0.00358613763829261,0.0734944657610224,0.0701640769164958
"125","SEKI","cm","low","AC",1,"4ac1_105",2.78582893982489,127.033799656015,11.2967019396,45.6,1.0127455768721,0.891389165193024,1.03713636891682,1.03713636891682,0.121356411679072,0.119829120413329,-0.0240838297413805,-0.0113382528692847
"126","SEKI","cm","low","AC",1,"4ac1_2",3.0524001289185,125.148405285659,10.3870822902,41,0.998226975631698,0.962909507764816,0.87499081071434,0.87499081071434,0.0353174678668821,0.0353801978197718,0.123455053736023,0.121682029367721
"127","SEKI","cm","low","AC",2,"4ac2_1",1.38489024264366,75.6150072483436,3.651674103,54.6,0.976571559207922,1.03510954510632,1.03323865608709,1.03323865608709,-0.0585379858983941,-0.0599423414970973,-0.0580265689133257,-0.0814550097054032
"128","SEKI","cm","low","AC",2,"4ac2_1924",1.00261512734015,86.4254239767213,4.8044779398,86.2,1.01167708280224,0.957884671257441,0.921062207092411,0.921062207092411,0.0537924115447965,0.053171523264911,0.0895689714141128,0.101246054216351
"129","SEKI","cm","low","AC",2,"4ac2_2",0.735909076484271,61.154044255843,3.1236606786,83.1,0.991845551562947,1.02253875079063,1.01654152115472,1.01654152115472,-0.0306931992276813,-0.0309455430629447,-0.0248990072626311,-0.0330534556996847
"130","SEKI","cm","low","AC",2,"4ac2_3",1.39736613063121,73.920668310391,4.9927076892,52.9,0.997626379727835,1.00371475057736,1.00018722332011,1.00018722332011,-0.00608837084952185,-0.00610285671393617,-0.00256693652485201,-0.00494055679701688
"131","SEKI","cm","low","AC",3,"4ac3_1",1.86829550615593,87.8098887893287,4.0838899332,47,0.999913867502865,0.967382190286931,0.862677681113708,0.862677681113708,0.0325316772159341,0.0325344794918957,0.137248007902804,0.13716187540567
"132","SEKI","cm","low","AC",3,"4ac3_1954",3.78717654920603,155.274238517447,8.8244897202,41,0.99472313962412,0.977983066794464,0.97974026320892,0.97974026320892,0.0167400728296557,0.0168288764610235,0.0150623583772882,0.00978549800140827
"133","SEKI","cm","low","AC",3,"4ac3_1967",4.19248068959531,198.304336617858,9.8523701892,47.3,0.997081467217049,0.979303684649413,0.930192553164973,0.930192553164973,0.0177777825676362,0.0178298194803035,0.0670847029568901,0.064166170173939
"134","SEKI","cm","low","AC",3,"4ac3_2",3.1550224761047,119.890854091978,6.0528830208,38,0.995437643633815,0.956227735561374,0.903123837348552,0.903123837348552,0.0392099080724412,0.0393896175448083,0.0927369050946015,0.0881745487284167
"135","SEKI","cm","low","PJ",1,"4pj1_1",1.02254574367046,93.9719538433157,19.5062407386,91.9,0.989654536212455,1.24066229061723,1.08165708760977,1.08165708760977,-0.251007754404776,-0.253631691888583,-0.0929643103030931,-0.103309774090638
"136","SEKI","cm","low","PJ",1,"4pj1_117",0.680382722164351,40.4147336965624,14.8067582124,59.4,1.02588460958497,1.06631681666427,1.11816130589352,1.11816130589352,-0.0404322070792971,-0.0394120417652568,-0.0899484166605053,-0.0640638070755335
"137","SEKI","cm","low","PJ",1,"4pj1_118",0.888081074122203,34.279929461117,2.695481019,38.6,0.962213315520753,0.971189888961455,0.875399279411158,0.875399279411158,-0.00897657344070124,-0.00932908877471009,0.0902232745164324,0.0524365900371857
"138","SEKI","cm","low","PJ",2,"4pj2_2",1.19275951758174,112.119394652683,2.7447774354,94,0.976761635145859,1.15566803463486,1.0560160746968,1.0560160746968,-0.178906399489001,-0.183162803545499,-0.0811400004865097,-0.104378365340651
"139","SEKI","cm","low","PJ",2,"4pj2_3064",2.0637349278868,68.3096261130532,3.1021312938,33.1,0.984874477370857,1.01684941339855,0.976846456370828,0.976846456370828,-0.0319749360276965,-0.0324660012645005,0.00815131388261753,-0.00697420874652566
"140","SEKI","cm","low","PJ",2,"4pj2_3101",1.12395524013237,72.1579264164982,5.10133008,64.2,0.980799089959518,1.05727429627538,1.11217775857004,1.11217775857004,-0.0764752063158617,-0.0779723463232599,-0.133950642853821,-0.153151552894303
"141","SEKI","cm","low","PJ",3,"4pj3_1",2.82209146801323,132.920508143423,7.2872655702,47.1,0.991476167227762,1.03994706826645,1.1259901854606,1.1259901854606,-0.048470901038687,-0.0488876108582772,-0.135670450464738,-0.144194283236976
"142","SEKI","cm","low","PJ",3,"4pj3_1965",3.31481827478553,181.320559630769,8.7692454696,54.7,0.984716631668061,1.04597028802315,1.06710330928807,1.06710330928807,-0.0612536563550857,-0.0622043483223443,-0.0836653662287039,-0.0989487345606425
"143","SEKI","cm","low","PJ",3,"4pj3_1966",4.51994027610279,216.053145197713,10.062478041,47.8,0.974070621018218,0.991264227206304,0.910688160635046,0.910688160635046,-0.0171936061880862,-0.0176512932605578,0.065069676690297,0.0391402977085153
"144","SEKI","cm","low","PJ",3,"4pj3_2",1.97445481578368,154.599812075862,8.5947358728,78.3,0.96074584308174,1.15140674288827,1.10265786059171,1.10265786059171,-0.19066089980653,-0.198450923498098,-0.147710259203168,-0.186964416121428
"145","SEKI","cm","low","PL",1,"4pl1_1",0.791394549996652,108.104495529543,19.052178222,136.6,0.979359069481398,1.06712538164847,0.945526045949319,0.945526045949319,-0.0877663121670732,-0.0896160712674548,0.0345460869117134,0.0139051563931116
"146","SEKI","cm","low","PL",1,"4pl1_122",2.65808507347606,133.170062181151,11.9275627086,50.1,0.996025212573835,0.968908702302567,1.08700612834478,1.08700612834478,0.0271165102712677,0.0272247227569629,-0.0913439887087188,-0.0953187761348842
"147","SEKI","cm","low","PL",1,"4pl1_2",1.47517471334835,135.716073628048,20.0141581332,92,1.00244508101759,1.08811541417942,0.980144479315471,0.980144479315471,-0.0856703331618309,-0.08546137318053,0.0222462079214175,0.0246912889390077
"148","SEKI","cm","low","PL",2,"4pl2_1",0.407836826436099,62.1135486662178,4.0729092558,152.3,0.994131046931558,1.02522623223461,1.03460044196227,1.03460044196227,-0.0310951853030473,-0.0312787588708998,-0.0407083101927273,-0.0465772632611691
"149","SEKI","cm","low","PL",3,"4pl3_1",1.47080372919513,115.311012368898,6.2882744694,78.4,1.01195109030573,0.98953529737361,0.979361166234494,0.979361166234494,0.0224157929321201,0.022151063571015,0.0322050387448957,0.0441561290506256
"150","SEKI","cm","low","PL",3,"4pl3_1959",1.08597615959981,99.475416219343,5.945505489,91.6,1.01135615110711,0.862326608926066,1.00409763446957,1.00409763446957,0.14902954218104,0.147356143548345,0.00717701338899163,0.0185331644960975
"151","SEKI","cm","low","PP",2,"4pp2_1",1.47936492388409,76.9269760419729,4.2756516264,52,1.00110201603247,1.00812776556732,0.939619960529199,0.939619960529199,-0.00702574953484669,-0.00701801556917331,0.0614143758764354,0.0625163919089098
"152","SEKI","pr","high","AC",1,"8ac1_1",1.43541054454404,104.067264479443,8.9272121862,72.5,0.989301683355873,1.07528044542913,0.896653545439003,0.896653545439003,-0.0859787620732575,-0.0869085371224716,0.0936500356520088,0.0829517190078813
"153","SEKI","pr","high","AC",1,"8ac1_2",10.0246474233968,99.2440094916279,6.4622766978,9.9,0.99672665720403,0.994983653943343,0.862712357146149,0.862712357146149,0.00174300326068777,0.00174872744507221,0.134454415450081,0.131181072654112
"154","SEKI","pr","high","AC",1,"8ac1_3157",3.34001036944545,118.904369152258,3.8683094142,35.6,0.998534308742955,0.964409422542387,0.953388851530256,0.953388851530256,0.0341248862005678,0.0341749761643415,0.0452117236407549,0.0437460323837099
"155","SEKI","pr","high","AC",2,"8ac2_1",4.99543526926679,125.884968785523,9.040166058,25.2,0.992344879082095,0.986839356361502,0.95884754212176,0.95884754212176,0.00550552272059268,0.00554799328000283,0.0337557412412097,0.0261006203233048
"156","SEKI","pr","high","AC",2,"8ac2_2",3.36466632060896,323.007966778461,11.3095188822,96,1.00184541095122,0.919407760158489,0.812213590628919,0.812213590628919,0.0824376507927306,0.082285799676877,0.189282516293857,0.191127927245077
"157","SEKI","pr","high","AC",2,"8ac2_4",5.38201934815488,462.315462006505,9.0355659702,85.9,0.992054739482837,0.939969238355236,0.677605272718546,0.677605272718546,0.0520855011276006,0.052502648346555,0.31696785897945,0.309022598462287
"158","SEKI","pr","high","AC",2,"8ac2_528",5.71911581170501,118.385697302294,8.3253256086,20.7,0.962135095210903,1.16094832432545,1.30629861458834,1.30629861458834,-0.19881322911455,-0.206637539888273,-0.357708102625641,-0.395573007414737
"159","SEKI","pr","high","AC",2,"8ac2_533",1.55872543366275,76.8451638795734,7.6950358254,49.3,0.982447439908361,1.0504195261217,1.08205265715091,1.08205265715091,-0.0679720862133435,-0.0691864861693606,-0.10138477968026,-0.1189373397719
"160","SEKI","pr","high","AC",2,"8ac2_543",0.398364898440727,41.9079873159645,5.2737819288,105.2,0.979384594208813,0.906072277332929,0.776184037649492,0.776184037649492,0.0733123168758847,0.0748554932448262,0.207477795506345,0.186862389715159
"161","SEKI","pr","high","AC",3,"8ac3_3",2.54647715848911,135.472584831621,5.816625276,53.2,0.981287416323334,1.02652264251834,0.915325813348469,0.915325813348469,-0.0452352261950071,-0.046097835804818,0.0672194526064629,0.0485068689297965
"162","SEKI","pr","high","AC",3,"8ac3_4",13.816704274131,221.067268386096,6.7870411686,16,0.987420120198964,1.06122297486533,1.06775681749305,1.06775681749305,-0.0738028546663699,-0.0747431140571642,-0.0813601988157756,-0.093940078616812
"163","SEKI","pr","high","PJ",1,"8pj1_1",1.11065927799661,74.6363034813722,4.7971972818,67.2,0.982064384576516,1.05138816934313,1.03206146770506,1.03206146770506,-0.0693237847666131,-0.0705898572999434,-0.0509101886941025,-0.0688458041175861
"164","SEKI","pr","high","PJ",1,"8pj1_2",7.67103696961142,138.078665453006,5.0550511704,18,0.99422617293308,0.980344549069021,0.829371323204629,0.829371323204629,0.0138816238640587,0.0139622394199363,0.16581222081703,0.16003839375011
"165","SEKI","pr","high","PJ",1,"8pj1_3",2.04179626472061,96.576963321285,4.9047813738,47.3,0.980888719138936,0.988455837782334,0.924993049228983,0.924993049228983,-0.00756711864339799,-0.00771455364482192,0.0569847209161713,0.0378734400551074
"166","SEKI","pr","high","PJ",1,"8pj1_497",1.15262506920303,82.4126924480165,5.1413485662,71.5,0.956969131032799,1.19190816613642,1.03564661357671,1.03564661357671,-0.234939035103624,-0.245503253433127,-0.0822152773715916,-0.125246146338792
"167","SEKI","pr","high","PJ",2,"8pj2_1",2.30907418503943,255.614512283865,10.8451943292,110.7,1.01977638632269,0.981952173023818,0.859579263337218,0.859579263337218,0.0378242132988693,0.0370906934168807,0.157090441722366,0.176866828045053
"168","SEKI","pr","high","PJ",2,"8pj2_2",2.73161714014293,261.688922025692,10.728167373,95.8,1.06230124875241,1.128579032744,1.03123565667495,1.03123565667495,-0.0662777839915916,-0.0623907616313448,0.0292436746299068,0.0915449233823178
"169","SEKI","pr","high","PJ",2,"8pj2_552",2.86697222703465,120.412833535455,8.9514975396,42,0.995203013362169,1.00171594151218,1.05089483229773,1.05089483229773,-0.00651292815000892,-0.00654432117122094,-0.0559602595528838,-0.0607572461907144
"170","SEKI","pr","high","PJ",3,"8pj3_1",1.14868130816455,116.246548386252,7.1445104808,101.2,0.940807507877338,1.22788320963495,1.10500907470032,1.10500907470032,-0.28707570175761,-0.305137554020284,-0.174532585516299,-0.233725077638961
"171","SEKI","pr","high","PJ",3,"8pj3_2",4.49595549866397,187.031748744421,6.8282149782,41.6,1.00195779147741,0.744946152190486,0.655997009911766,0.655997009911766,0.25701163928692,0.256509447277167,0.34528478595442,0.347242577431826
"172","SEKI","pr","high","PJ",3,"8pj3_598",2.6074429816285,110.034093824723,5.604437685,42.2,0.985174229354808,1.08223161989006,0.962178535066268,0.962178535066268,-0.0970573905352572,-0.0985179957445905,0.0233417537764864,0.00851598313129398
"173","SEKI","pr","high","PL",1,"8pl1_1",0.521984906758819,62.3771963576789,3.1474779336,119.5,0.991855274921581,0.97819474524549,1.03831813023165,1.03831813023165,0.0136605296760912,0.013772704568387,-0.0468443899879879,-0.0549891150664067
"174","SEKI","pr","high","PL",1,"8pl1_3150",2.87098290798798,127.758739405465,3.8167369086,44.5,1.00148759924566,0.983920141223197,0.97391316018637,0.97391316018637,0.017567458022465,0.0175413635033495,0.0275334802748046,0.0290210795204663
"175","SEKI","pr","high","PL",2,"8pl2_1",14.5565588149947,282.397241010896,11.8009122462,19.4,0.979510299126837,1.12010734782686,1.03606218282963,1.03606218282963,-0.140597048700028,-0.143538101462905,-0.057734853582654,-0.0782245544558172
"176","SEKI","pr","high","PL",2,"8pl2_2",5.17171506496851,451.490725171751,9.016521591,87.3,1.015025976452,1.00625063525217,1.03418712862743,1.03418712862743,0.00877534119982837,0.00864543509566363,-0.0188774993152447,-0.00385152286324431
"177","SEKI","pr","high","PL",2,"8pl2_3001",10.7732178701571,970.666930101151,3.9163798212,90.1,1.00306666529979,0.977983058711122,0.992554116063787,0.992554116063787,0.0250836065886706,0.0250069187387198,0.0104804093283912,0.0135470746281843
"178","SEKI","pr","high","PL",3,"8pl3_1",8.92842651862174,133.926397779326,5.6572770408,15,0.992756599990211,1.02661714222835,0.987796781469828,0.987796781469828,-0.0338605422381413,-0.0341075972080923,0.00499600659459908,-0.00224739341519031
"179","SEKI","pr","high","PL",3,"8pl3_2",18.5514069799843,152.121537235872,6.8612402628,8.2,0.967432981367545,1.16849140923555,0.924892141321809,0.924892141321809,-0.201058427868001,-0.207826724683077,0.0439729065114173,0.0114058878789626
"180","SEKI","pr","high","PL",3,"8pl3_604",0.966007318631629,122.199925806901,6.107682735,126.5,0.972272343671079,1.13025541374016,1.0899227693769,1.0899227693769,-0.157983070069085,-0.162488495222005,-0.121005628177799,-0.148733284506719
"181","SENF","lc","low","AC",1,"17ac1_1",2.72633529274599,47.1656005645055,4.6795530012,17.3,1.02936917975332,0.79544639369346,1.05639491557564,1.05639491557564,0.233922786059856,0.227248678764517,-0.0262546580506716,0.00311452170264404
"182","SENF","lc","low","AC",1,"17ac1_2",1.16115758494807,48.07192401685,5.1473168208,41.4,1.01639493496385,0.813837792680599,0.956364493029083,0.956364493029083,0.202557142283256,0.199289798989858,0.0590621222811451,0.0754570572449996
"183","SENF","lc","low","AC",1,"17ac1_3",0.786026648897523,44.4891083275998,3.0571278738,56.6,1.02818232002367,0.732739989066326,0.928798363276689,0.928798363276689,0.295442330957341,0.28734430188465,0.096659857703729,0.124842177727396
"184","SENF","lc","low","AC",2,"17ac2_1",4.76670270310492,231.185081100588,9.4007565498,48.5,1.03165970524371,0.633328267635712,0.862904060563585,0.862904060563585,0.398331437607996,0.386107391403736,0.163576849829817,0.195236555073525
"185","SENF","lc","low","AC",2,"17ac2_2",8.42453580075984,240.941723901732,9.7596733542,28.6,0.981580756174752,0.846881762385576,0.913461466651811,0.913461466651811,0.134698993789175,0.13722660406883,0.0693975397280646,0.0509782959028164
"186","SENF","lc","low","AC",2,"17ac2_3",28.5943549924604,231.614275438929,9.709527135,8.1,1.03667745129433,0.736894889876706,0.874718208846808,0.874718208846808,0.299782561417629,0.289176311342875,0.156229155216325,0.192906606510659
"187","SENF","lc","low","AC",3,"17ac3_1",2.45306692097289,134.428067269314,3.9864375012,54.8,1.03748715143377,0.610142192943949,0.865487430075999,0.865487430075999,0.427344958489825,0.411903856254266,0.165784917066276,0.20327206850005
"188","SENF","lc","low","AC",3,"17ac3_2",6.90904485136334,136.799088056994,4.5266222694,19.8,1.01552565697108,0.884099726014802,0.897190007732083,0.897190007732083,0.131425930956278,0.129416652404698,0.116526498790732,0.132052155761812
"189","SENF","lc","low","AC",3,"17ac3_3",3.61147824630614,167.933738453235,2.5753823634,46.5,1.01446441414718,0.86177524768849,0.788013306980904,0.788013306980904,0.15268916645869,0.150512097151333,0.223222326981913,0.237686741129094
"190","SENF","lc","low","AC",3,"17ac3_4",5.64943170385549,57.0592602089405,3.0355874934,10.1,1.0055556263315,0.951035845899696,0.85238342186259,0.85238342186259,0.0545197804318091,0.0542185623591104,0.152325938474157,0.157881564805661
"191","SENF","lc","low","PJ",1,"17pj1_1",0.826698826239553,56.5461997147855,2.9300823552,68.4,1.00690148126531,0.86628145103038,0.94436037934972,0.94436037934972,0.140620030234928,0.139656195617291,0.0621124341151992,0.0690139153805075
"192","SENF","lc","low","PJ",1,"17pj1_2",0.576271629361948,38.3796905155057,1.0884944994,66.6,1.00272137402873,1.03922941889241,1.05782765979218,1.05782765979218,-0.0365080448636748,-0.0364089624588262,-0.0549567279512925,-0.0522353539225604
"193","SENF","lc","low","PJ",1,"17pj1_3",1.41188404807108,62.6876517343561,3.4487534466,44.4,0.987894763270724,1.06380128893058,1.10354452277444,1.10354452277444,-0.0759065256598522,-0.0768366515159375,-0.117066881821318,-0.129172118550593
"194","SENF","lc","low","PJ",2,"17pj2_1",5.3333137119519,378.665273548585,10.294218165,71,1.03301334361295,0.720792209317525,0.956983673984303,0.956983673984303,0.312221134295422,0.302243079652228,0.0735998911328016,0.106613234745749
"195","SENF","lc","low","PJ",2,"17pj2_3",20.2644830167906,291.808555441784,10.2446068032,14.4,1.04666908427033,0.679582454369389,0.842720080730004,0.842720080730004,0.367086629900938,0.350718900001569,0.194855285787393,0.24152437005772
"196","SENF","lc","low","PJ",3,"17pj3_1",6.89988899833016,162.147391460759,4.6853280474,23.5,1.03057900804172,0.733180979892508,0.903614426865849,0.903614426865849,0.29739802814921,0.288573729746658,0.123197329059831,0.153776337101548
"197","SENF","lc","low","PJ",3,"17pj3_2",3.45322639727492,133.294538934812,4.406561313,38.6,1.03279205103478,0.713681970276969,0.969105204298415,0.969105204298415,0.319110080757811,0.308978056558517,0.0616647336436751,0.0944567846784548
"198","SENF","lc","low","PJ",3,"17pj3_3",4.47602965759506,145.918566837599,2.9221136868,32.6,1.01663806538298,0.849572905214412,0.925517485717805,0.925517485717805,0.167065160168568,0.164331010078432,0.0896293211594913,0.106267386542471
"199","SENF","lc","low","PJ",3,"17pj3_4",3.48423394211734,159.577914548974,2.7409344732,45.8,1.01731526966847,0.835367357315664,0.99481250033524,0.99481250033524,0.181947912352807,0.178851058052143,0.0221197597285302,0.0394350293970017
"200","SENF","lc","low","PJ",3,"17pj3_5",3.65649018349048,50.4595645321686,3.8037228306,13.8,1.00828376638466,0.922861897519878,1.16496760292858,1.16496760292858,0.0854218688647833,0.0847200676165551,-0.155396567680278,-0.147112801295617
"201","SENF","lc","low","PL",1,"17pl1_1",0.406645862102458,49.976776452392,2.1407954106,122.9,1.01103476558412,0.781839405208226,1.00131167169226,1.00131167169226,0.229195360375894,0.226693846915816,0.00961697285082473,0.0206517384349451
"202","SENF","lc","low","PL",1,"17pl1_2",0.911337621310521,54.8625248028934,3.031125636,60.2,0.961167628491432,0.931335114986716,0.990228527481168,0.990228527481168,0.0298325135047157,0.0310377842744645,-0.0302349955702811,-0.0690673670788491
"203","SENF","lc","low","PL",1,"17pl1_3",0.389688690364075,38.8909312983347,2.5101588204,99.8,1.02612619044657,0.670872655639168,0.910725061351635,0.910725061351635,0.355253534807405,0.346208427496425,0.112462901901681,0.138589092348255
"204","SENF","lc","low","PL",1,"17pl1_4",0.893150463677866,23.2219120556245,2.125681173,26,1.01847648239644,0.827786825371855,0.95822969484119,0.95822969484119,0.190689657024585,0.187230299688314,0.0591538328047508,0.0776303152011905
"205","SENF","lc","low","PL",2,"17pl2_1",4.50463693168041,237.394366299558,8.4512213016,52.7,1.03700861019885,0.616815341443753,0.958135242382129,0.958135242382129,0.420193268755095,0.405197473408174,0.0760585467092655,0.113067156908114
"206","SENF","lc","low","PL",2,"17pl2_2",5.74919296964161,221.918848628166,8.8774374612,38.6,1.05190930862977,0.629664622365749,0.903040414831931,0.903040414831931,0.422244686264023,0.401407880698426,0.141522555772189,0.193431864401961
"207","SENF","lc","low","PL",2,"17pl2_3",6.85792290790416,215.338779308191,8.0215069704,31.4,1.04671601510899,0.635763851034501,1.00277533468053,1.00277533468053,0.410952164074488,0.392610945225384,0.0419795625501036,0.0886955776590923
"208","SENF","lc","low","PL",2,"17pl2_4",13.0463878584924,257.0138408123,8.6592266376,19.7,1.03686905892636,0.670945977960916,1.05672548188641,1.05672548188641,0.36592308096544,0.352911563726611,-0.0191503669524194,0.0177186919739369
"209","SENF","lc","low","PL",3,"17pl3_1",0.884348688188579,86.0471273607487,2.8361885706,97.3,1.04304411163537,0.774800708498152,0.978586363071334,0.978586363071334,0.268243403137215,0.257173594237201,0.0617977205805532,0.104841832215921
"210","SENF","pp","high","AC",1,"18ac1_1",1.49239229508731,102.378111442989,6.8129020344,68.6,1.01205555635186,0.845146964176444,0.86003589918306,0.86003589918306,0.166908592175415,0.164920385178327,0.150208806438236,0.162264362790095
"211","SENF","pp","high","AC",1,"18ac1_2",3.74415032186412,178.595970352919,6.4977759924,47.7,1.00952382985891,0.927441706115061,1.00944257175705,1.00944257175705,0.0820821237438499,0.0813077624480856,8.04915143752174e-05,0.00960432137328604
"212","SENF","pp","high","AC",1,"18ac1_3",9.161539330088,178.650016936716,7.744393503,19.5,1.02296383227924,0.80873644389052,0.788895734450247,0.788895734450247,0.214227388388719,0.209418340735864,0.228813659332874,0.251777491612113
"213","SENF","pp","high","AC",1,"18ac1_4",1.45268984655818,70.7459955273834,6.7916153382,48.7,1.00972646972594,0.914414182656746,0.99999482018255,0.99999482018255,0.095312287069192,0.0943941650802339,0.00963790673530608,0.0193643764612443
"214","SENF","pp","high","AC",1,"18ac1_5",9.51888578912342,102.803966522533,7.5668954592,10.8,1.0485368247683,0.843408846716589,1.02842426752865,1.02842426752865,0.205127978051715,0.195632593158607,0.0191815459071727,0.0677183706754771
"215","SENF","pp","high","AC",1,"18ac1_6",2.25664270601591,117.345420712827,8.4389007318,52,1.01129496473655,0.867678723545641,0.831425054326276,0.831425054326276,0.143616241190906,0.142012218194243,0.17786097694764,0.189155941684188
"216","SENF","pp","high","AC",2,"18ac2_1",2.31984653713211,127.12759023484,7.92500016,54.8,1.00686073724987,0.718265286892317,0.670573700332193,0.670573700332193,0.28859545035755,0.286628964344978,0.333995580993859,0.340856318243726
"217","SENF","pp","high","AC",2,"18ac2_2",6.22918019697565,151.991996806206,7.656479754,24.4,0.972696562647642,0.659209374289272,0.817898543252901,0.817898543252901,0.31348718835837,0.322286723729207,0.159143175106312,0.131839737753954
"218","SENF","pp","high","AC",2,"18ac2_3",2.63477165999299,127.78642550966,7.2327847284,48.5,0.992729183036996,0.772507945780599,0.913019038647928,0.913019038647928,0.220221237256397,0.221834152777384,0.0802939469808019,0.0730231300177976
"219","SENF","pp","high","AC",2,"18ac2_4",5.7518214566047,154.723997182666,9.6020082312,26.9,1.03060815208152,0.750833781487786,0.786497068804746,0.786497068804746,0.279774370593738,0.271465318830126,0.23686119965551,0.267469351737034
"220","SENF","pp","high","AC",3,"18ac3_1",4.18169786245771,137.996029461104,6.9217631868,33,1.01044272893147,0.868266603737331,0.908488115302439,0.908488115302439,0.142176125194135,0.14070676261334,0.100900932541564,0.11134366147303
"221","SENF","pp","high","AC",3,"18ac3_2",1.46256864177022,38.3192984143798,3.7111697238,26.2,1.01306758195158,0.903428409178583,0.928396596004907,0.928396596004907,0.109639172772995,0.10822493457128,0.0835788129589139,0.0966463949104914
"222","SENF","pp","high","AC",3,"18ac3_3",0.926272198888272,104.668758474375,7.4054761242,113,1.01634941282477,0.862745425995764,0.913369727963662,0.913369727963662,0.153603986829008,0.151133050199824,0.101323111482788,0.11767252430756
"223","SENF","pp","high","AC",3,"18ac3_4",1.42577571161001,108.501531653522,9.0503362026,76.1,1.02478803395848,0.83445397705143,0.83113926009134,0.83113926009134,0.190334056907046,0.185730171118254,0.188964710213413,0.213752744171889
"224","SENF","pp","high","AC",3,"18ac3_5",3.20436999519379,136.185724795736,10.7599069578,42.5,1.01972780706165,0.849391932108186,1.01543495423866,1.01543495423866,0.170335874953465,0.167040531575076,0.0042098026485722,0.0239376097102229
"225","SENF","pp","high","AC",3,"18ac3_6",2.60666652305313,145.973325290975,11.7052096854,56,1.01136290659945,0.911381538707534,0.924082319580461,0.924082319580461,0.0999813678919181,0.0988580530682994,0.0862999685369704,0.0976628751364227
"226","SENF","pp","high","AC",3,"18ac3_7",8.90205199451853,244.80642984926,15.0904109202,27.5,1.023322638242,0.839390137466256,0.949860430262232,0.949860430262232,0.183932500775748,0.179740478615553,0.0717879241936595,0.0951105624356637
"227","SENF","pp","high","PJ",1,"18pj1_1",1.16228124955253,105.651365584325,6.5335470354,90.9,1.01663773770541,0.815813324825633,0.825640803807858,0.825640803807858,0.200824412879781,0.197537830272805,0.187871182441685,0.204508920147098
"228","SENF","pp","high","PJ",2,"18pj2_1",0.963350305141174,113.675336006659,11.0243244342,118,1.04043641290739,0.738838856397871,0.803025945559083,0.803025945559083,0.301597556509518,0.289876010458665,0.228183543369928,0.268619956277317
"229","SENF","pp","high","PJ",2,"18pj2_3",0.748931009957592,104.700555192071,7.9767564492,139.8,1.03071821508823,0.815793942252719,0.836183072286448,0.836183072286448,0.214924272835511,0.208518943091651,0.188737464763956,0.219455679852186
"230","SENF","pp","high","PJ",2,"18pj2_4",1.63565357040683,149.825867049266,12.3341697864,91.6,0.980731707115647,0.872262209730351,0.691789001837979,0.691789001837979,0.108469497385296,0.110600581788375,0.294619520487876,0.275351227603523
"231","SENF","pp","high","PJ",2,"18pj2_5",0.931437821476599,115.125714734508,9.2843084334,123.6,1.00872253681259,0.932030397506545,0.922679198747785,0.922679198747785,0.0766921393060405,0.0760289737833917,0.0852993116785961,0.0940218484911818
"232","SENF","pp","high","PJ",3,"18pj3_1",0.213391221683462,25.0734685478068,2.6827033464,117.5,0.976919363804765,1.033991476765,0.864299258663526,0.864299258663526,-0.0570721129602303,-0.0584204951552542,0.115280860748448,0.0922002245532129
"233","SENF","pp","high","PJ",3,"18pj3_2",0.97111094171167,101.383982314698,9.0877636542,104.4,1.04195794216481,1.1152475647483,0.974511594093446,0.974511594093446,-0.0732896225834974,-0.0703383693503295,0.0647303939458745,0.106688336110681
"234","SENF","pp","high","PL",1,"18pl1_1",0.801510343099534,83.8379818882113,6.977057703,104.6,1.01732623910978,0.831269668110376,0.930912835597368,0.930912835597368,0.1860565709994,0.182887813020739,0.084941683592105,0.102267922701881
"235","SENF","pp","high","PL",1,"18pl1_2",1.1721965248891,136.678114802069,6.6382722714,116.6,1.04043964484602,0.774589540683168,0.849509709708164,0.849509709708164,0.265850104162852,0.255517084032488,0.18350890038039,0.223948545226409
"236","SENF","pp","high","PL",1,"18pl1_3",1.03666605942193,115.899265443372,7.3948810782,111.8,1.05176993700111,0.688633961378309,0.916363442116019,0.916363442116019,0.363135975622806,0.345261794283839,0.128741552806859,0.180511489807973
"237","SENF","pp","high","PL",2,"18pl2_1",4.2834131203677,159.342968077678,7.720870773,37.2,1.04717637393033,0.696675066884153,0.86791153564316,0.86791153564316,0.350501307046181,0.334710862250125,0.171188772732089,0.218365146662423
"238","SENF","pp","high","PL",3,"18pl3_1",1.69406475158663,115.535216058208,5.2762300206,68.2,0.946377742459509,0.758739211475733,0.804744016378422,0.804744016378422,0.187638530983776,0.198270228224227,0.14965876702996,0.0960365094894688
